id,source,source_tokens,chunks_2048
CRS_R44740,CRS,3525,2
GAO_GAO-06-918,GAO,3545,2
CRS_RS22645,CRS,3663,2
CRS_RS21618,CRS,3673,2
CRS_RL33961,CRS,3677,2
CRS_R44277,CRS,3704,2
GAO_GAO-10-506T,GAO,3721,2
GAO_GAO-16-650,GAO,3836,2
GAO_GAO-10-441T,GAO,3932,2
CRS_RL34207,CRS,4002,2
CRS_RL34662,CRS,4018,2
GAO_GAO-16-217T,GAO,4031,2
CRS_R42366,CRS,4075,2
GAO_GAO-10-1041T,GAO,4095,2
GAO_GAO-15-755T,GAO,4140,3
GAO_GAO-17-191,GAO,4235,3
CRS_R42001,CRS,4248,3
GAO_GAO-01-1166T,GAO,4253,3
GAO_GAO-17-761T,GAO,4356,3
CRS_R40946,CRS,4365,3
GAO_RCED-95-18,GAO,4372,3
GAO_RCED-98-223,GAO,4422,3
GAO_GAO-08-815T,GAO,4458,3
GAO_GAO-05-486,GAO,4483,3
CRS_RS20264,CRS,4487,3
GAO_GAO-02-34,GAO,4517,3
GAO_GGD-98-16,GAO,4523,3
GAO_RCED-95-7,GAO,4586,3
GAO_GAO-07-1250T,GAO,4658,3
CRS_R40227,CRS,4658,3
CRS_R44476,CRS,4667,3
GAO_GAO-01-788,GAO,4704,3
GAO_OSI-95-1,GAO,4718,3
GAO_RCED-99-53,GAO,4753,3
CRS_RL33160,CRS,4780,3
GAO_GAO-13-704T,GAO,4788,3
CRS_R43845,CRS,4793,3
GAO_GAO-14-649T,GAO,4810,3
CRS_RL31431,CRS,4812,3
CRS_RS22860,CRS,4836,3
GAO_RCED-95-137,GAO,4843,3
CRS_R40592,CRS,4914,3
GAO_GAO-11-238T,GAO,4917,3
GAO_GAO-14-737T,GAO,4932,3
GAO_GAO-02-1090T,GAO,4953,3
CRS_R43041,CRS,4956,3
GAO_AIMD-00-166,GAO,4992,3
GAO_GAO-06-808T,GAO,5007,3
CRS_RS21201,CRS,5099,3
CRS_RL33111,CRS,5143,3
CRS_R42866,CRS,5162,3
GAO_GAO-15-465T,GAO,5206,3
GAO_AIMD-95-73,GAO,5215,3
CRS_R45124,CRS,5233,3
CRS_RL32251,CRS,5236,3
CRS_R44014,CRS,5240,3
CRS_R40967,CRS,5247,3
CRS_R41868,CRS,5293,3
CRS_RL34633,CRS,5355,3
CRS_R42076,CRS,5553,3
CRS_R41313,CRS,5611,3
GAO_GAO-01-464,GAO,5671,3
GAO_OSI-97-1,GAO,5679,3
GAO_GAO-14-436T,GAO,5694,3
GAO_GAO-04-1069,GAO,5871,3
CRS_R43748,CRS,5988,3
CRS_R41289,CRS,6015,3
GAO_GAO-03-202T,GAO,6015,3
CRS_R40548,CRS,6095,3
GAO_GAO-13-354,GAO,6243,4
CRS_RL32030,CRS,6309,4
GAO_GAO-03-1034T,GAO,6323,4
CRS_R41590,CRS,6409,4
GAO_GAO-03-437,GAO,6459,4
GAO_GAO-04-1099T,GAO,6549,4
CRS_R41302,CRS,6602,4
GAO_GAO-03-544T,GAO,6617,4
GAO_GAO-15-7,GAO,6617,4
GAO_GAO-14-111,GAO,6627,4
GAO_GAO-01-292,GAO,6664,4
GAO_GAO-06-397,GAO,6717,4
GAO_GAO-14-36,GAO,6833,4
GAO_GAO-17-266,GAO,6943,4
CRS_RL32357,CRS,7081,4
CRS_R41170,CRS,7138,4
CRS_R44356,CRS,7179,4
GAO_GAO-04-566,GAO,7235,4
GAO_NSIAD-95-38,GAO,7311,4
GAO_GAO-09-789,GAO,7410,4
CRS_RL32986,CRS,7445,4
GAO_GAO-07-611,GAO,7465,4
CRS_R43146,CRS,7481,4
CRS_R40561,CRS,7608,4
GAO_GAO-06-6,GAO,7609,4
GAO_GAO-08-97T,GAO,7643,4
GAO_RCED-96-84,GAO,7647,4
CRS_R40157,CRS,7702,4
CRS_R42519,CRS,7717,4
GAO_GAO-16-402,GAO,7745,4
CRS_R43336,CRS,7761,4
GAO_GAO-08-651T,GAO,7764,4
GAO_GAO-04-205T,GAO,7785,4
GAO_AIMD-97-67,GAO,7797,4
GAO_T-NSIAD-98-116,GAO,7798,4
CRS_R44780,CRS,7847,4
GAO_GAO-14-823,GAO,7868,4
GAO_GAO-08-542T,GAO,7886,4
GAO_GAO-10-1049,GAO,7926,4
CRS_R43015,CRS,8138,4
CRS_R43366,CRS,8247,5
CRS_RL32313,CRS,8251,5
GAO_GAO-04-560T,GAO,8270,5
CRS_RL31953,CRS,8281,5
CRS_RL34314,CRS,8326,5
CRS_R41167,CRS,8355,5
GAO_GAO-04-479T,GAO,8377,5
GAO_GAO-07-990,GAO,8414,5
GAO_GAO-06-285,GAO,8424,5
GAO_GAO-04-963T,GAO,8460,5
GAO_HEHS-96-52,GAO,8521,5
GAO_T-AIMD-99-136,GAO,8571,5
GAO_GAO-02-63,GAO,8595,5
GAO_GAO-10-824,GAO,8687,5
GAO_GAO-11-683,GAO,8689,5
GAO_GAO-15-449,GAO,8714,5
CRS_R41728,CRS,8714,5
GAO_NSIAD-97-68,GAO,8721,5
GAO_GGD-96-3,GAO,8729,5
GAO_GAO-17-716,GAO,8786,5
CRS_RL34566,CRS,8811,5
GAO_GAO-13-231,GAO,8818,5
CRS_RL32703,CRS,8822,5
GAO_GAO-15-363,GAO,8832,5
CRS_R40502,CRS,8889,5
GAO_GAO-12-269,GAO,8925,5
GAO_GAO-08-153,GAO,8968,5
CRS_R41392,CRS,9005,5
GAO_GAO-03-631,GAO,9045,5
GAO_HEHS-98-116,GAO,9079,5
GAO_NSIAD-00-164,GAO,9094,5
CRS_R43649,CRS,9113,5
GAO_GGD-95-22,GAO,9139,5
GAO_GAO-14-23,GAO,9190,5
GAO_GAO-03-419SP,GAO,9242,5
GAO_GAO-14-535,GAO,9278,5
GAO_GAO-04-879,GAO,9310,5
GAO_GAO-12-59,GAO,9316,5
CRS_R42029,CRS,9376,5
GAO_GAO-08-38,GAO,9436,5
GAO_HEHS-98-44,GAO,9438,5
GAO_GAO-01-863,GAO,9442,5
GAO_GAO-13-123,GAO,9444,5
CRS_94-953,CRS,9464,5
GAO_GAO-14-78,GAO,9475,5
CRS_R43995,CRS,9502,5
GAO_GAO-10-597,GAO,9611,5
CRS_RL31403,CRS,9668,5
GAO_RCED-97-156,GAO,9743,5
CRS_R41266,CRS,9790,5
GAO_GAO-07-254T,GAO,9791,5
GAO_GGD-98-125,GAO,9845,5
GAO_GAO-08-269,GAO,9982,5
CRS_R42632,CRS,10000,5
GAO_GAO-11-760,GAO,10060,5
GAO_GAO-01-1129,GAO,10101,5
GAO_GAO-02-567,GAO,10171,5
CRS_R40618,CRS,10343,6
CRS_R41343,CRS,10388,6
CRS_R42556,CRS,10390,6
GAO_GAO-07-75,GAO,10491,6
GAO_GAO-04-623,GAO,10523,6
GAO_GAO-17-277,GAO,10523,6
GAO_GAO-05-32,GAO,10537,6
CRS_RL34190,CRS,10547,6
CRS_R45177,CRS,10609,6
CRS_R40103,CRS,10641,6
CRS_R43768,CRS,10658,6
CRS_R45243,CRS,10662,6
CRS_RL33970,CRS,10773,6
GAO_GAO-11-117,GAO,10991,6
GAO_GAO-14-4,GAO,10993,6
CRS_RL33258,CRS,11038,6
CRS_R42517,CRS,11133,6
GAO_GAO-12-824,GAO,11164,6
GAO_NSIAD-98-8,GAO,11215,6
GAO_GAO-09-499T,GAO,11220,6
GAO_HEHS-96-130,GAO,11230,6
GAO_NSIAD-96-33,GAO,11250,6
GAO_GAO-09-896,GAO,11334,6
GAO_GAO-05-59,GAO,11337,6
GAO_GAO-16-15,GAO,11397,6
GAO_NSIAD-98-53,GAO,11447,6
GAO_GAO-11-630,GAO,11540,6
CRS_R45017,CRS,11557,6
GAO_GAO-15-718,GAO,11684,6
CRS_R44812,CRS,11719,6
GAO_GAO-05-410,GAO,11756,6
CRS_R41507,CRS,11767,6
GAO_GAO-17-463,GAO,11847,6
GAO_GAO-10-254,GAO,11862,6
GAO_AIMD-96-146,GAO,11874,6
CRS_R41071,CRS,11902,6
CRS_RL30513,CRS,11958,6
CRS_R42625,CRS,11973,6
GAO_GAO-06-12,GAO,12097,6
GAO_GAO-12-800,GAO,12168,6
GAO_GAO-07-917,GAO,12170,6
GAO_GAO-02-953,GAO,12227,6
GAO_GAO-13-356,GAO,12247,6
CRS_RL32092,CRS,12283,6
GAO_GAO-17-60,GAO,12293,7
GAO_GAO-13-103,GAO,12294,7
GAO_GAO-05-414T,GAO,12314,7
GAO_AIMD-98-82,GAO,12384,7
CRS_R45343,CRS,12462,7
GAO_GAO-12-330,GAO,12502,7
GAO_GAO-16-786,GAO,12510,7
GAO_GAO-04-283,GAO,12533,7
GAO_RCED-99-47,GAO,12538,7
CRS_RL34089,CRS,12689,7
GAO_GAO-05-121,GAO,12707,7
GAO_GAO-08-462T,GAO,12745,7
GAO_GAO-13-581,GAO,12775,7
GAO_GAO-12-147,GAO,12805,7
CRS_R44598,CRS,12819,7
GAO_GAO-06-802,GAO,12862,7
GAO_GGD-99-170,GAO,12866,7
CRS_R41145,CRS,12931,7
GAO_GAO-13-582,GAO,12997,7
GAO_GAO-10-531,GAO,13146,7
GAO_GAO-09-250,GAO,13376,7
GAO_GAO-04-242,GAO,13422,7
GAO_GAO-13-558,GAO,13493,7
GAO_GAO-12-556,GAO,13530,7
GAO_GAO-17-360,GAO,13622,7
GAO_GAO-15-42,GAO,13887,7
GAO_GAO-07-166,GAO,13930,7
GAO_GAO-10-644,GAO,13943,7
CRS_R41368,CRS,14011,7
GAO_GAO-06-596,GAO,14196,7
GAO_GAO-02-897,GAO,14221,7
GAO_GAO-12-919,GAO,14240,7
CRS_R42010,CRS,14386,8
GAO_GAO-10-204,GAO,14433,8
GAO_GAO-17-618,GAO,14525,8
GAO_GAO-12-735,GAO,14525,8
CRS_RL34357,CRS,14632,8
GAO_GAO-01-951,GAO,14648,8
GAO_GAO-12-940,GAO,14747,8
GAO_RCED-97-229,GAO,14780,8
GAO_GAO-11-149,GAO,14912,8
CRS_RL31676,CRS,14936,8
CRS_RL32502,CRS,14975,8
CRS_R45258,CRS,15116,8
GAO_GAO-15-619T,GAO,15117,8
GAO_GAO-11-462,GAO,15163,8
GAO_GAO-15-110,GAO,15232,8
CRS_RL33042,CRS,15410,8
CRS_R43815,CRS,15723,8
GAO_GAO-15-443,GAO,15743,8
GAO_GAO-02-119,GAO,15810,8
CRS_R40612,CRS,15927,8
CRS_RL34362,CRS,16013,8
CRS_RL34205,CRS,16095,8
GAO_GAO-09-741,GAO,16100,8
GAO_GAO-16-237,GAO,16221,8
CRS_RL31337,CRS,16336,8
GAO_GAO-10-367,GAO,16361,8
CRS_R40648,CRS,16423,9
GAO_GAO-11-455,GAO,16464,9
CRS_RL32776,CRS,16498,9
CRS_R43358,CRS,16618,9
CRS_RL32987,CRS,16700,9
CRS_R41808,CRS,16737,9
CRS_R43144,CRS,16832,9
GAO_GAO-16-281,GAO,17240,9
GAO_GGD-96-101,GAO,17300,9
GAO_GGD-00-23,GAO,17423,9
GAO_NSIAD-99-6,GAO,17540,9
GAO_GAO-08-86T,GAO,17781,9
CRS_R42611,CRS,17837,9
CRS_R43692,CRS,17848,9
CRS_RL30212,CRS,17959,9
CRS_R44287,CRS,18155,9
GAO_RCED-97-7,GAO,18236,9
GAO_GAO-02-352,GAO,18745,10
GAO_GAO-05-365,GAO,18858,10
GAO_GAO-14-117,GAO,18882,10
CRS_RL34729,CRS,18887,10
GAO_GAO-17-14,GAO,18893,10
GAO_GAO-03-23,GAO,18895,10
GAO_GAO-11-743,GAO,18952,10
GAO_GAO-11-774,GAO,19000,10
GAO_GAO-06-219,GAO,19142,10
CRS_RL30205,CRS,19179,10
CRS_RL32411,CRS,19186,10
GAO_GAO-03-205,GAO,19504,10
GAO_GAO-10-43,GAO,19696,10
GAO_GAO-11-769,GAO,19732,10
CRS_RL33497,CRS,19815,10
